panel,SFM,x_value,y_value,sd,extra,source
A,tSFM,0,43.46,,train=6.38,tsfm_full_64763913_0.out
A,tSFM,1,53.35,,train=14.67,tsfm_full_64763913_0.out
A,tSFM,2,58.89,,train=21.39,tsfm_full_64763913_0.out
A,tSFM,3,63.03,,train=27.00,tsfm_full_64763913_0.out
A,tSFM,4,64.66,,train=30.98,tsfm_full_64763913_0.out
A,tSFM,5,67.05,,train=33.92,tsfm_full_64763913_0.out
A,tSFM,6,67.12,,train=36.60,tsfm_full_64763913_0.out
A,tSFM,7,67.03,,train=38.63,tsfm_full_64763913_0.out
A,tSFM,8,69.29,,train=40.78,tsfm_full_64763913_0.out
A,tSFM,9,69.84,,train=42.00,tsfm_full_64763913_0.out
A,tSFM,10,70.34,,train=43.25,tsfm_full_64763913_0.out
A,tSFM,11,71.94,,train=44.67,tsfm_full_64763913_0.out
A,tSFM,12,72.25,,train=46.00,tsfm_full_64763913_0.out
A,tSFM,13,71.31,,train=46.73,tsfm_full_64763913_0.out
A,tSFM,14,72.63,,train=47.67,tsfm_full_64763913_0.out
A,tSFM,15,72.60,,train=48.52,tsfm_full_64763913_0.out
A,tSFM,16,73.53,,train=49.31,tsfm_full_64763913_0.out
A,tSFM,17,73.38,,train=49.69,tsfm_full_64763913_0.out
A,tSFM,18,72.63,,train=50.52,tsfm_full_64763913_0.out
A,tSFM,19,72.77,,train=50.76,tsfm_full_64763913_0.out
A,tSFM,20,72.99,,train=51.12,tsfm_full_64763913_0.out
A,tSFM,21,73.36,,train=51.77,tsfm_full_64763913_0.out
A,tSFM,22,72.37,,train=52.24,tsfm_full_64763913_0.out
A,tSFM,23,72.49,,train=52.54,tsfm_full_64763913_0.out
A,tSFM,24,72.74,,train=53.25,tsfm_full_64763913_0.out
A,tSFM,25,74.22,,train=53.03,tsfm_full_64763913_0.out
A,tSFM,26,74.92,,train=53.42,tsfm_full_64763913_0.out
A,tSFM,27,74.35,,train=53.98,tsfm_full_64763913_0.out
A,tSFM,28,73.41,,train=54.21,tsfm_full_64763913_0.out
A,tSFM,29,73.97,,train=54.62,tsfm_full_64763913_0.out
A,tSFM,30,73.34,,train=54.55,tsfm_full_64763913_0.out
A,tSFM,31,75.46,,train=54.62,tsfm_full_64763913_0.out
A,tSFM,32,74.63,,train=53.97,tsfm_full_64763913_0.out
A,tSFM,33,74.95,,train=54.93,tsfm_full_64763913_0.out
A,tSFM,34,74.94,,train=54.80,tsfm_full_64763913_0.out
A,tSFM,35,73.57,,train=55.37,tsfm_full_64763913_0.out
A,tSFM,36,74.32,,train=55.22,tsfm_full_64763913_0.out
A,tSFM,37,74.71,,train=55.14,tsfm_full_64763913_0.out
A,tSFM,38,74.74,,train=55.10,tsfm_full_64763913_0.out
A,tSFM,39,75.40,,train=55.39,tsfm_full_64763913_0.out
A,tSFM,40,74.67,,train=55.37,tsfm_full_64763913_0.out
A,tSFM,41,74.09,,train=55.04,tsfm_full_64763913_0.out
A,tSFM,42,74.00,,train=56.07,tsfm_full_64763913_0.out
A,tSFM,43,73.90,,train=56.01,tsfm_full_64763913_0.out
A,tSFM,44,75.08,,train=55.98,tsfm_full_64763913_0.out
A,tSFM,45,75.42,,train=56.21,tsfm_full_64763913_0.out
A,tSFM,46,75.32,,train=55.91,tsfm_full_64763913_0.out
A,tSFM,47,75.13,,train=55.78,tsfm_full_64763913_0.out
A,tSFM,48,73.44,,train=55.55,tsfm_full_64763913_0.out
A,tSFM,49,73.81,,train=55.97,tsfm_full_64763913_0.out
A,tSFM,50,74.65,,train=55.55,tsfm_full_64763913_0.out
A,tSFM,51,73.96,,train=56.16,tsfm_full_64763913_0.out
A,tSFM,52,75.89,,train=56.08,tsfm_full_64763913_0.out
A,tSFM,53,74.92,,train=56.07,tsfm_full_64763913_0.out
A,tSFM,54,74.81,,train=55.97,tsfm_full_64763913_0.out
A,tSFM,55,74.52,,train=55.80,tsfm_full_64763913_0.out
A,tSFM,56,74.31,,train=55.96,tsfm_full_64763913_0.out
A,tSFM,57,74.77,,train=55.90,tsfm_full_64763913_0.out
A,tSFM,58,74.80,,train=55.99,tsfm_full_64763913_0.out
A,tSFM,59,74.35,,train=55.67,tsfm_full_64763913_0.out
A,tSFM,60,74.74,,train=55.88,tsfm_full_64763913_0.out
A,tSFM,61,73.52,,train=55.67,tsfm_full_64763913_0.out
A,tSFM,62,73.85,,train=55.99,tsfm_full_64763913_0.out
A,tSFM,63,75.02,,train=55.71,tsfm_full_64763913_0.out
A,tSFM,64,74.27,,train=55.35,tsfm_full_64763913_0.out
A,tSFM,65,74.36,,train=55.85,tsfm_full_64763913_0.out
A,tSFM,66,74.98,,train=55.61,tsfm_full_64763913_0.out
A,tSFM,67,74.21,,train=55.34,tsfm_full_64763913_0.out
A,tSFM,68,75.86,,train=55.75,tsfm_full_64763913_0.out
A,tSFM,69,72.55,,train=55.22,tsfm_full_64763913_0.out
A,tSFM,70,74.42,,train=55.69,tsfm_full_64763913_0.out
A,tSFM,71,73.28,,train=55.22,tsfm_full_64763913_0.out
A,tSFM,72,73.37,,train=54.67,tsfm_full_64763913_0.out
A,tSFM,73,74.12,,train=55.44,tsfm_full_64763913_0.out
A,tSFM,74,72.71,,train=55.15,tsfm_full_64763913_0.out
A,tSFM,75,72.24,,train=55.07,tsfm_full_64763913_0.out
A,tSFM,76,74.11,,train=55.35,tsfm_full_64763913_0.out
A,tSFM,77,73.83,,train=55.29,tsfm_full_64763913_0.out
A,tSFM,78,73.35,,train=54.84,tsfm_full_64763913_0.out
A,tSFM,79,74.50,,train=54.76,tsfm_full_64763913_0.out
A,tSFM,80,73.86,,train=55.03,tsfm_full_64763913_0.out
A,tSFM,81,73.77,,train=55.24,tsfm_full_64763913_0.out
A,tSFM,82,73.28,,train=54.81,tsfm_full_64763913_0.out
A,tSFM,83,73.75,,train=54.26,tsfm_full_64763913_0.out
A,tSFM,84,72.98,,train=54.82,tsfm_full_64763913_0.out
A,tSFM,85,73.81,,train=54.88,tsfm_full_64763913_0.out
A,tSFM,86,74.29,,train=54.17,tsfm_full_64763913_0.out
A,tSFM,87,74.37,,train=54.70,tsfm_full_64763913_0.out
A,tSFM,88,72.59,,train=54.46,tsfm_full_64763913_0.out
A,tSFM,89,73.23,,train=54.23,tsfm_full_64763913_0.out
A,tSFM,90,74.41,,train=54.55,tsfm_full_64763913_0.out
A,tSFM,91,74.44,,train=54.46,tsfm_full_64763913_0.out
A,tSFM,92,75.09,,train=54.41,tsfm_full_64763913_0.out
A,tSFM,93,73.51,,train=54.60,tsfm_full_64763913_0.out
A,tSFM,94,71.51,,train=54.33,tsfm_full_64763913_0.out
A,tSFM,95,73.14,,train=54.33,tsfm_full_64763913_0.out
A,tSFM,96,73.36,,train=54.49,tsfm_full_64763913_0.out
A,tSFM,97,73.41,,train=54.13,tsfm_full_64763913_0.out
A,tSFM,98,72.64,,train=53.52,tsfm_full_64763913_0.out
A,tSFM,99,73.97,,train=53.88,tsfm_full_64763913_0.out
A,eSFM,0,89.65,,train=75.07,esfm_full_62858369_0.out
A,eSFM,1,93.05,,train=94.21,esfm_full_62858369_0.out
A,eSFM,2,94.47,,train=95.81,esfm_full_62858369_0.out
A,eSFM,3,94.89,,train=96.49,esfm_full_62858369_0.out
A,eSFM,4,94.50,,train=96.91,esfm_full_62858369_0.out
A,eSFM,5,95.24,,train=97.24,esfm_full_62858369_0.out
A,eSFM,6,95.34,,train=97.54,esfm_full_62858369_0.out
A,eSFM,7,95.48,,train=97.55,esfm_full_62858369_0.out
A,eSFM,8,95.48,,train=97.61,esfm_full_62858369_0.out
A,eSFM,9,95.61,,train=97.70,esfm_full_62858369_0.out
A,eSFM,10,95.79,,train=97.78,esfm_full_62858369_0.out
A,eSFM,11,96.05,,train=97.83,esfm_full_62858369_0.out
A,eSFM,12,95.66,,train=97.83,esfm_full_62858369_0.out
A,eSFM,13,96.08,,train=97.83,esfm_full_62858369_0.out
A,eSFM,14,95.96,,train=97.93,esfm_full_62858369_0.out
A,eSFM,15,96.18,,train=97.84,esfm_full_62858369_0.out
A,eSFM,16,96.00,,train=97.79,esfm_full_62858369_0.out
A,eSFM,17,95.50,,train=97.84,esfm_full_62858369_0.out
A,eSFM,18,95.72,,train=97.87,esfm_full_62858369_0.out
A,eSFM,19,95.85,,train=97.76,esfm_full_62858369_0.out
A,eSFM,20,95.86,,train=97.93,esfm_full_62858369_0.out
A,eSFM,21,95.50,,train=97.82,esfm_full_62858369_0.out
A,eSFM,22,95.47,,train=97.83,esfm_full_62858369_0.out
A,eSFM,23,96.07,,train=97.67,esfm_full_62858369_0.out
A,eSFM,24,95.78,,train=97.88,esfm_full_62858369_0.out
A,eSFM,25,95.86,,train=97.89,esfm_full_62858369_0.out
A,eSFM,26,96.01,,train=97.80,esfm_full_62858369_0.out
A,eSFM,27,95.48,,train=97.75,esfm_full_62858369_0.out
A,eSFM,28,95.84,,train=97.80,esfm_full_62858369_0.out
A,eSFM,29,95.65,,train=97.75,esfm_full_62858369_0.out
A,eSFM,30,94.41,,train=97.65,esfm_full_62858369_0.out
A,eSFM,31,95.52,,train=97.57,esfm_full_62858369_0.out
A,eSFM,32,95.56,,train=97.74,esfm_full_62858369_0.out
A,eSFM,33,95.36,,train=97.61,esfm_full_62858369_0.out
A,eSFM,34,95.84,,train=97.76,esfm_full_62858369_0.out
A,eSFM,35,95.84,,train=97.72,esfm_full_62858369_0.out
A,eSFM,36,94.52,,train=97.57,esfm_full_62858369_0.out
A,eSFM,37,95.89,,train=97.69,esfm_full_62858369_0.out
A,eSFM,38,95.12,,train=97.69,esfm_full_62858369_0.out
A,eSFM,39,95.67,,train=97.63,esfm_full_62858369_0.out
A,eSFM,40,96.02,,train=97.72,esfm_full_62858369_0.out
A,eSFM,41,95.70,,train=97.57,esfm_full_62858369_0.out
A,eSFM,42,95.26,,train=97.65,esfm_full_62858369_0.out
A,eSFM,43,94.95,,train=97.30,esfm_full_62858369_0.out
A,eSFM,44,95.63,,train=97.75,esfm_full_62858369_0.out
A,eSFM,45,95.73,,train=97.61,esfm_full_62858369_0.out
A,eSFM,46,95.10,,train=97.34,esfm_full_62858369_0.out
A,eSFM,47,94.02,,train=97.39,esfm_full_62858369_0.out
A,eSFM,48,95.36,,train=97.56,esfm_full_62858369_0.out
A,eSFM,49,96.02,,train=97.66,esfm_full_62858369_0.out
A,eSFM,50,95.96,,train=97.67,esfm_full_62858369_0.out
A,eSFM,51,95.19,,train=97.46,esfm_full_62858369_0.out
A,eSFM,52,94.75,,train=97.44,esfm_full_62858369_0.out
A,eSFM,53,95.83,,train=97.51,esfm_full_62858369_0.out
A,eSFM,54,95.29,,train=97.55,esfm_full_62858369_0.out
A,eSFM,55,95.96,,train=97.60,esfm_full_62858369_0.out
A,eSFM,56,95.28,,train=97.68,esfm_full_62858369_0.out
A,eSFM,57,94.99,,train=97.54,esfm_full_62858369_0.out
A,eSFM,58,95.31,,train=97.52,esfm_full_62858369_0.out
A,eSFM,59,95.39,,train=97.46,esfm_full_62858369_0.out
A,eSFM,60,95.83,,train=97.47,esfm_full_62858369_0.out
A,eSFM,61,95.44,,train=97.54,esfm_full_62858369_0.out
A,eSFM,62,93.48,,train=97.45,esfm_full_62858369_0.out
A,eSFM,63,95.08,,train=97.48,esfm_full_62858369_0.out
A,eSFM,64,95.55,,train=97.58,esfm_full_62858369_0.out
A,eSFM,65,95.87,,train=97.28,esfm_full_62858369_0.out
A,eSFM,66,94.90,,train=97.48,esfm_full_62858369_0.out
A,eSFM,67,95.16,,train=97.37,esfm_full_62858369_0.out
A,eSFM,68,94.90,,train=97.47,esfm_full_62858369_0.out
A,eSFM,69,95.45,,train=97.43,esfm_full_62858369_0.out
A,eSFM,70,95.48,,train=97.44,esfm_full_62858369_0.out
A,eSFM,71,94.78,,train=97.38,esfm_full_62858369_0.out
A,eSFM,72,95.37,,train=97.54,esfm_full_62858369_0.out
A,eSFM,73,94.45,,train=97.32,esfm_full_62858369_0.out
A,eSFM,74,94.22,,train=97.40,esfm_full_62858369_0.out
A,eSFM,75,95.29,,train=97.41,esfm_full_62858369_0.out
A,eSFM,76,95.38,,train=97.45,esfm_full_62858369_0.out
A,eSFM,77,95.62,,train=97.05,esfm_full_62858369_0.out
A,eSFM,78,94.90,,train=97.29,esfm_full_62858369_0.out
A,eSFM,79,95.11,,train=97.35,esfm_full_62858369_0.out
A,eSFM,80,95.78,,train=97.35,esfm_full_62858369_0.out
A,eSFM,81,94.54,,train=97.35,esfm_full_62858369_0.out
A,eSFM,82,95.09,,train=97.30,esfm_full_62858369_0.out
A,eSFM,83,95.62,,train=97.36,esfm_full_62858369_0.out
A,eSFM,84,95.11,,train=97.41,esfm_full_62858369_0.out
A,eSFM,85,94.73,,train=97.15,esfm_full_62858369_0.out
A,eSFM,86,94.94,,train=97.14,esfm_full_62858369_0.out
A,eSFM,87,94.11,,train=97.34,esfm_full_62858369_0.out
A,eSFM,88,95.30,,train=97.29,esfm_full_62858369_0.out
A,eSFM,89,95.33,,train=97.30,esfm_full_62858369_0.out
A,eSFM,90,95.65,,train=97.32,esfm_full_62858369_0.out
A,eSFM,91,94.44,,train=97.30,esfm_full_62858369_0.out
A,eSFM,92,94.81,,train=97.46,esfm_full_62858369_0.out
A,eSFM,93,94.32,,train=97.31,esfm_full_62858369_0.out
A,eSFM,94,95.41,,train=97.12,esfm_full_62858369_0.out
A,eSFM,95,95.12,,train=97.17,esfm_full_62858369_0.out
A,eSFM,96,95.46,,train=97.30,esfm_full_62858369_0.out
A,eSFM,97,94.91,,train=97.27,esfm_full_62858369_0.out
A,eSFM,98,95.37,,train=97.31,esfm_full_62858369_0.out
A,eSFM,99,95.60,,train=97.24,esfm_full_62858369_0.out
A,mhcSFM,0,13.42,,train=7.37,mhcsfm_full_62515934_0.out
A,mhcSFM,1,14.02,,train=9.11,mhcsfm_full_62515934_0.out
A,mhcSFM,2,14.53,,train=10.25,mhcsfm_full_62515934_0.out
A,mhcSFM,3,15.35,,train=11.23,mhcsfm_full_62515934_0.out
A,mhcSFM,4,16.39,,train=11.78,mhcsfm_full_62515934_0.out
A,mhcSFM,5,15.76,,train=12.48,mhcsfm_full_62515934_0.out
A,mhcSFM,6,15.75,,train=12.59,mhcsfm_full_62515934_0.out
A,mhcSFM,7,16.31,,train=12.81,mhcsfm_full_62515934_0.out
A,mhcSFM,8,16.72,,train=13.12,mhcsfm_full_62515934_0.out
A,mhcSFM,9,16.94,,train=13.32,mhcsfm_full_62515934_0.out
A,mhcSFM,10,17.02,,train=13.56,mhcsfm_full_62515934_0.out
A,mhcSFM,11,16.72,,train=13.74,mhcsfm_full_62515934_0.out
A,mhcSFM,12,17.30,,train=13.99,mhcsfm_full_62515934_0.out
A,mhcSFM,13,17.45,,train=13.93,mhcsfm_full_62515934_0.out
A,mhcSFM,14,17.10,,train=14.07,mhcsfm_full_62515934_0.out
A,mhcSFM,15,17.37,,train=14.02,mhcsfm_full_62515934_0.out
A,mhcSFM,16,17.50,,train=14.10,mhcsfm_full_62515934_0.out
A,mhcSFM,17,17.11,,train=14.27,mhcsfm_full_62515934_0.out
A,mhcSFM,18,17.95,,train=14.24,mhcsfm_full_62515934_0.out
A,mhcSFM,19,17.92,,train=14.09,mhcsfm_full_62515934_0.out
A,mhcSFM,20,17.07,,train=14.15,mhcsfm_full_62515934_0.out
A,mhcSFM,21,16.87,,train=14.05,mhcsfm_full_62515934_0.out
A,mhcSFM,22,16.59,,train=13.98,mhcsfm_full_62515934_0.out
A,mhcSFM,23,17.03,,train=13.82,mhcsfm_full_62515934_0.out
A,mhcSFM,24,17.19,,train=13.34,mhcsfm_full_62515934_0.out
A,mhcSFM,25,16.50,,train=13.75,mhcsfm_full_62515934_0.out
A,mhcSFM,26,16.88,,train=13.63,mhcsfm_full_62515934_0.out
A,mhcSFM,27,17.13,,train=13.68,mhcsfm_full_62515934_0.out
A,mhcSFM,28,17.41,,train=13.02,mhcsfm_full_62515934_0.out
A,mhcSFM,29,17.13,,train=13.75,mhcsfm_full_62515934_0.out
A,mhcSFM,30,15.72,,train=13.76,mhcsfm_full_62515934_0.out
A,mhcSFM,31,16.34,,train=13.59,mhcsfm_full_62515934_0.out
A,mhcSFM,32,16.64,,train=13.84,mhcsfm_full_62515934_0.out
A,mhcSFM,33,16.36,,train=13.68,mhcsfm_full_62515934_0.out
A,mhcSFM,34,16.22,,train=13.58,mhcsfm_full_62515934_0.out
A,mhcSFM,35,15.00,,train=12.65,mhcsfm_full_62515934_0.out
A,mhcSFM,36,14.09,,train=13.05,mhcsfm_full_62515934_0.out
A,mhcSFM,37,16.37,,train=12.91,mhcsfm_full_62515934_0.out
A,mhcSFM,38,16.69,,train=13.01,mhcsfm_full_62515934_0.out
A,mhcSFM,39,16.28,,train=13.12,mhcsfm_full_62515934_0.out
A,mhcSFM,40,16.91,,train=13.15,mhcsfm_full_62515934_0.out
A,mhcSFM,41,15.79,,train=13.00,mhcsfm_full_62515934_0.out
A,mhcSFM,42,16.02,,train=12.99,mhcsfm_full_62515934_0.out
A,mhcSFM,43,16.26,,train=12.73,mhcsfm_full_62515934_0.out
A,mhcSFM,44,15.43,,train=11.79,mhcsfm_full_62515934_0.out
A,mhcSFM,45,15.83,,train=12.30,mhcsfm_full_62515934_0.out
A,mhcSFM,46,16.40,,train=11.93,mhcsfm_full_62515934_0.out
A,mhcSFM,47,16.27,,train=11.81,mhcsfm_full_62515934_0.out
A,mhcSFM,48,14.45,,train=10.82,mhcsfm_full_62515934_0.out
A,mhcSFM,49,14.12,,train=10.12,mhcsfm_full_62515934_0.out
A,mhcSFM,50,13.05,,train=11.35,mhcsfm_full_62515934_0.out
A,mhcSFM,51,14.70,,train=11.74,mhcsfm_full_62515934_0.out
A,mhcSFM,52,15.64,,train=11.68,mhcsfm_full_62515934_0.out
A,mhcSFM,53,14.13,,train=10.60,mhcsfm_full_62515934_0.out
A,mhcSFM,54,14.91,,train=11.03,mhcsfm_full_62515934_0.out
A,mhcSFM,55,12.78,,train=10.52,mhcsfm_full_62515934_0.out
A,mhcSFM,56,14.27,,train=9.62,mhcsfm_full_62515934_0.out
A,mhcSFM,57,14.80,,train=10.48,mhcsfm_full_62515934_0.out
A,mhcSFM,58,13.06,,train=9.48,mhcsfm_full_62515934_0.out
A,mhcSFM,59,13.30,,train=10.34,mhcsfm_full_62515934_0.out
A,mhcSFM,60,14.45,,train=9.69,mhcsfm_full_62515934_0.out
A,mhcSFM,61,11.61,,train=11.13,mhcsfm_full_62515934_0.out
A,mhcSFM,62,14.19,,train=10.97,mhcsfm_full_62515934_0.out
A,mhcSFM,63,15.59,,train=11.17,mhcsfm_full_62515934_0.out
A,mhcSFM,64,13.60,,train=11.27,mhcsfm_full_62515934_0.out
A,mhcSFM,65,14.72,,train=10.59,mhcsfm_full_62515934_0.out
A,mhcSFM,66,12.86,,train=9.40,mhcsfm_full_62515934_0.out
A,mhcSFM,67,14.79,,train=10.86,mhcsfm_full_62515934_0.out
A,mhcSFM,68,11.03,,train=10.36,mhcsfm_full_62515934_0.out
A,mhcSFM,69,14.93,,train=10.12,mhcsfm_full_62515934_0.out
A,mhcSFM,70,14.52,,train=10.89,mhcsfm_full_62515934_0.out
A,mhcSFM,71,13.03,,train=10.92,mhcsfm_full_62515934_0.out
A,mhcSFM,72,13.51,,train=9.93,mhcsfm_full_62515934_0.out
A,mhcSFM,73,14.85,,train=10.60,mhcsfm_full_62515934_0.out
A,mhcSFM,74,11.13,,train=9.87,mhcsfm_full_62515934_0.out
A,mhcSFM,75,12.09,,train=8.49,mhcsfm_full_62515934_0.out
A,mhcSFM,76,14.18,,train=9.39,mhcsfm_full_62515934_0.out
A,mhcSFM,77,14.71,,train=10.65,mhcsfm_full_62515934_0.out
A,mhcSFM,78,14.52,,train=10.85,mhcsfm_full_62515934_0.out
A,mhcSFM,79,14.68,,train=11.29,mhcsfm_full_62515934_0.out
A,mhcSFM,80,14.26,,train=10.96,mhcsfm_full_62515934_0.out
A,mhcSFM,81,13.98,,train=10.89,mhcsfm_full_62515934_0.out
A,mhcSFM,82,13.52,,train=10.77,mhcsfm_full_62515934_0.out
A,mhcSFM,83,14.43,,train=10.93,mhcsfm_full_62515934_0.out
A,mhcSFM,84,14.80,,train=11.02,mhcsfm_full_62515934_0.out
A,mhcSFM,85,14.08,,train=11.36,mhcsfm_full_62515934_0.out
A,mhcSFM,86,14.65,,train=11.29,mhcsfm_full_62515934_0.out
A,mhcSFM,87,14.70,,train=11.30,mhcsfm_full_62515934_0.out
A,mhcSFM,88,14.80,,train=11.38,mhcsfm_full_62515934_0.out
A,mhcSFM,89,13.80,,train=10.44,mhcsfm_full_62515934_0.out
A,mhcSFM,90,14.05,,train=10.32,mhcsfm_full_62515934_0.out
A,mhcSFM,91,13.84,,train=10.64,mhcsfm_full_62515934_0.out
A,mhcSFM,92,11.94,,train=10.41,mhcsfm_full_62515934_0.out
A,mhcSFM,93,14.25,,train=10.57,mhcsfm_full_62515934_0.out
A,mhcSFM,94,14.54,,train=10.39,mhcsfm_full_62515934_0.out
A,mhcSFM,95,13.60,,train=10.91,mhcsfm_full_62515934_0.out
A,mhcSFM,96,13.89,,train=10.97,mhcsfm_full_62515934_0.out
A,mhcSFM,97,14.76,,train=10.60,mhcsfm_full_62515934_0.out
A,mhcSFM,98,14.73,,train=10.79,mhcsfm_full_62515934_0.out
A,mhcSFM,99,14.11,,train=10.40,mhcsfm_full_62515934_0.out
A,crisprSFM,0,26.69,,train=16.74,crispr_hn_train_62512408.out
A,crisprSFM,1,35.61,,train=32.22,crispr_hn_train_62512408.out
A,crisprSFM,2,40.37,,train=40.50,crispr_hn_train_62512408.out
A,crisprSFM,3,41.45,,train=46.41,crispr_hn_train_62512408.out
A,crisprSFM,4,43.33,,train=52.43,crispr_hn_train_62512408.out
A,crisprSFM,5,44.27,,train=57.25,crispr_hn_train_62512408.out
A,crisprSFM,6,45.46,,train=61.89,crispr_hn_train_62512408.out
A,crisprSFM,7,43.98,,train=65.88,crispr_hn_train_62512408.out
A,crisprSFM,8,44.48,,train=69.07,crispr_hn_train_62512408.out
A,crisprSFM,9,44.83,,train=71.58,crispr_hn_train_62512408.out
A,crisprSFM,10,43.85,,train=73.49,crispr_hn_train_62512408.out
A,crisprSFM,11,44.12,,train=75.68,crispr_hn_train_62512408.out
A,crisprSFM,12,44.86,,train=76.81,crispr_hn_train_62512408.out
A,crisprSFM,13,43.58,,train=77.77,crispr_hn_train_62512408.out
A,crisprSFM,14,43.82,,train=78.55,crispr_hn_train_62512408.out
A,crisprSFM,15,44.50,,train=79.41,crispr_hn_train_62512408.out
A,crisprSFM,16,45.49,,train=79.78,crispr_hn_train_62512408.out
A,crisprSFM,17,44.46,,train=80.82,crispr_hn_train_62512408.out
A,crisprSFM,18,43.94,,train=81.10,crispr_hn_train_62512408.out
A,crisprSFM,19,44.83,,train=81.61,crispr_hn_train_62512408.out
A,crisprSFM,20,43.89,,train=81.75,crispr_hn_train_62512408.out
A,crisprSFM,21,43.80,,train=82.45,crispr_hn_train_62512408.out
A,crisprSFM,22,45.01,,train=82.55,crispr_hn_train_62512408.out
A,crisprSFM,23,44.27,,train=82.87,crispr_hn_train_62512408.out
A,crisprSFM,24,44.18,,train=83.10,crispr_hn_train_62512408.out
A,crisprSFM,25,44.37,,train=83.48,crispr_hn_train_62512408.out
A,crisprSFM,26,44.87,,train=83.68,crispr_hn_train_62512408.out
A,crisprSFM,27,42.87,,train=84.04,crispr_hn_train_62512408.out
A,crisprSFM,28,44.28,,train=84.31,crispr_hn_train_62512408.out
A,crisprSFM,29,44.05,,train=84.57,crispr_hn_train_62512408.out
A,crisprSFM,30,44.71,,train=84.47,crispr_hn_train_62512408.out
A,crisprSFM,31,44.36,,train=84.71,crispr_hn_train_62512408.out
A,crisprSFM,32,43.92,,train=85.02,crispr_hn_train_62512408.out
A,crisprSFM,33,44.76,,train=85.08,crispr_hn_train_62512408.out
A,crisprSFM,34,43.36,,train=85.10,crispr_hn_train_62512408.out
A,crisprSFM,35,44.59,,train=85.16,crispr_hn_train_62512408.out
A,crisprSFM,36,44.96,,train=85.06,crispr_hn_train_62512408.out
A,crisprSFM,37,43.90,,train=85.99,crispr_hn_train_62512408.out
A,crisprSFM,38,44.03,,train=85.95,crispr_hn_train_62512408.out
A,crisprSFM,39,43.72,,train=85.76,crispr_hn_train_62512408.out
A,crisprSFM,40,44.24,,train=85.91,crispr_hn_train_62512408.out
A,crisprSFM,41,43.77,,train=86.34,crispr_hn_train_62512408.out
A,crisprSFM,42,44.42,,train=85.85,crispr_hn_train_62512408.out
A,crisprSFM,43,44.96,,train=86.31,crispr_hn_train_62512408.out
A,crisprSFM,44,43.25,,train=85.94,crispr_hn_train_62512408.out
A,crisprSFM,45,43.47,,train=86.36,crispr_hn_train_62512408.out
A,crisprSFM,46,45.09,,train=86.51,crispr_hn_train_62512408.out
A,crisprSFM,47,43.16,,train=86.68,crispr_hn_train_62512408.out
A,crisprSFM,48,44.67,,train=86.56,crispr_hn_train_62512408.out
A,crisprSFM,49,44.14,,train=86.92,crispr_hn_train_62512408.out
A,crisprSFM,50,44.64,,train=86.02,crispr_hn_train_62512408.out
A,crisprSFM,51,43.76,,train=87.30,crispr_hn_train_62512408.out
A,crisprSFM,52,44.22,,train=87.17,crispr_hn_train_62512408.out
A,crisprSFM,53,44.56,,train=86.88,crispr_hn_train_62512408.out
A,crisprSFM,54,44.74,,train=87.23,crispr_hn_train_62512408.out
A,crisprSFM,55,44.76,,train=86.99,crispr_hn_train_62512408.out
A,crisprSFM,56,44.73,,train=87.44,crispr_hn_train_62512408.out
A,crisprSFM,57,44.14,,train=87.38,crispr_hn_train_62512408.out
A,crisprSFM,58,43.88,,train=87.20,crispr_hn_train_62512408.out
A,crisprSFM,59,44.44,,train=87.31,crispr_hn_train_62512408.out
A,crisprSFM,60,44.33,,train=87.51,crispr_hn_train_62512408.out
A,crisprSFM,61,43.59,,train=87.60,crispr_hn_train_62512408.out
A,crisprSFM,62,43.64,,train=87.38,crispr_hn_train_62512408.out
A,crisprSFM,63,43.84,,train=87.96,crispr_hn_train_62512408.out
A,crisprSFM,64,44.44,,train=87.71,crispr_hn_train_62512408.out
A,crisprSFM,65,43.48,,train=87.85,crispr_hn_train_62512408.out
A,crisprSFM,66,44.98,,train=87.46,crispr_hn_train_62512408.out
A,crisprSFM,67,43.53,,train=87.85,crispr_hn_train_62512408.out
A,crisprSFM,68,43.87,,train=87.69,crispr_hn_train_62512408.out
A,crisprSFM,69,43.99,,train=87.85,crispr_hn_train_62512408.out
A,crisprSFM,70,43.76,,train=88.00,crispr_hn_train_62512408.out
A,crisprSFM,71,43.21,,train=87.53,crispr_hn_train_62512408.out
A,crisprSFM,72,43.22,,train=88.13,crispr_hn_train_62512408.out
A,crisprSFM,73,44.39,,train=88.20,crispr_hn_train_62512408.out
A,crisprSFM,74,43.51,,train=88.20,crispr_hn_train_62512408.out
A,crisprSFM,75,43.33,,train=88.20,crispr_hn_train_62512408.out
A,crisprSFM,76,44.86,,train=87.97,crispr_hn_train_62512408.out
A,crisprSFM,77,43.53,,train=88.36,crispr_hn_train_62512408.out
A,crisprSFM,78,43.94,,train=88.12,crispr_hn_train_62512408.out
A,crisprSFM,79,44.52,,train=88.22,crispr_hn_train_62512408.out
A,crisprSFM,80,44.14,,train=88.12,crispr_hn_train_62512408.out
A,crisprSFM,81,44.27,,train=88.13,crispr_hn_train_62512408.out
A,crisprSFM,82,43.90,,train=88.56,crispr_hn_train_62512408.out
A,crisprSFM,83,44.78,,train=88.39,crispr_hn_train_62512408.out
A,crisprSFM,84,44.12,,train=88.31,crispr_hn_train_62512408.out
A,crisprSFM,85,44.47,,train=88.62,crispr_hn_train_62512408.out
A,crisprSFM,86,45.09,,train=88.65,crispr_hn_train_62512408.out
A,crisprSFM,87,43.36,,train=88.34,crispr_hn_train_62512408.out
A,crisprSFM,88,44.14,,train=88.00,crispr_hn_train_62512408.out
A,crisprSFM,89,44.45,,train=88.63,crispr_hn_train_62512408.out
A,crisprSFM,90,43.55,,train=88.80,crispr_hn_train_62512408.out
A,crisprSFM,91,44.06,,train=88.03,crispr_hn_train_62512408.out
A,crisprSFM,92,43.95,,train=88.65,crispr_hn_train_62512408.out
A,crisprSFM,93,44.24,,train=88.73,crispr_hn_train_62512408.out
A,crisprSFM,94,44.18,,train=88.32,crispr_hn_train_62512408.out
A,crisprSFM,95,44.14,,train=88.89,crispr_hn_train_62512408.out
A,crisprSFM,96,44.00,,train=88.65,crispr_hn_train_62512408.out
A,crisprSFM,97,43.74,,train=88.39,crispr_hn_train_62512408.out
A,crisprSFM,98,44.40,,train=88.57,crispr_hn_train_62512408.out
A,crisprSFM,99,43.18,,train=88.72,crispr_hn_train_62512408.out
A,mir-SFM,0,35.30,,train=14.16,mirsfm_full_62523321_0.out
A,mir-SFM,1,39.79,,train=25.30,mirsfm_full_62523321_0.out
A,mir-SFM,2,42.51,,train=30.59,mirsfm_full_62523321_0.out
A,mir-SFM,3,43.58,,train=34.59,mirsfm_full_62523321_0.out
A,mir-SFM,4,43.61,,train=37.15,mirsfm_full_62523321_0.out
A,mir-SFM,5,44.21,,train=39.14,mirsfm_full_62523321_0.out
A,mir-SFM,6,44.43,,train=40.74,mirsfm_full_62523321_0.out
A,mir-SFM,7,45.14,,train=41.83,mirsfm_full_62523321_0.out
A,mir-SFM,8,45.51,,train=42.90,mirsfm_full_62523321_0.out
A,mir-SFM,9,45.26,,train=43.60,mirsfm_full_62523321_0.out
A,mir-SFM,10,45.19,,train=44.26,mirsfm_full_62523321_0.out
A,mir-SFM,11,45.00,,train=44.68,mirsfm_full_62523321_0.out
A,mir-SFM,12,45.24,,train=45.13,mirsfm_full_62523321_0.out
A,mir-SFM,13,45.26,,train=45.48,mirsfm_full_62523321_0.out
A,mir-SFM,14,45.43,,train=45.80,mirsfm_full_62523321_0.out
A,mir-SFM,15,45.15,,train=46.27,mirsfm_full_62523321_0.out
A,mir-SFM,16,45.03,,train=46.20,mirsfm_full_62523321_0.out
A,mir-SFM,17,45.24,,train=46.35,mirsfm_full_62523321_0.out
A,mir-SFM,18,45.33,,train=46.65,mirsfm_full_62523321_0.out
A,mir-SFM,19,44.89,,train=46.68,mirsfm_full_62523321_0.out
A,mir-SFM,20,44.88,,train=46.93,mirsfm_full_62523321_0.out
A,mir-SFM,21,44.71,,train=46.73,mirsfm_full_62523321_0.out
A,mir-SFM,22,44.75,,train=46.69,mirsfm_full_62523321_0.out
A,mir-SFM,23,44.69,,train=47.06,mirsfm_full_62523321_0.out
A,mir-SFM,24,44.80,,train=47.25,mirsfm_full_62523321_0.out
A,mir-SFM,25,44.31,,train=47.39,mirsfm_full_62523321_0.out
A,mir-SFM,26,44.50,,train=46.88,mirsfm_full_62523321_0.out
A,mir-SFM,27,45.01,,train=46.87,mirsfm_full_62523321_0.out
A,mir-SFM,28,45.03,,train=47.32,mirsfm_full_62523321_0.out
A,mir-SFM,29,44.68,,train=47.24,mirsfm_full_62523321_0.out
A,mir-SFM,30,45.16,,train=47.51,mirsfm_full_62523321_0.out
A,mir-SFM,31,44.35,,train=47.03,mirsfm_full_62523321_0.out
A,mir-SFM,32,44.83,,train=47.44,mirsfm_full_62523321_0.out
A,mir-SFM,33,44.21,,train=47.39,mirsfm_full_62523321_0.out
A,mir-SFM,34,45.11,,train=47.66,mirsfm_full_62523321_0.out
A,mir-SFM,35,44.21,,train=46.80,mirsfm_full_62523321_0.out
A,mir-SFM,36,45.34,,train=47.20,mirsfm_full_62523321_0.out
A,mir-SFM,37,45.41,,train=47.77,mirsfm_full_62523321_0.out
A,mir-SFM,38,44.95,,train=47.58,mirsfm_full_62523321_0.out
A,mir-SFM,39,44.49,,train=47.22,mirsfm_full_62523321_0.out
A,mir-SFM,40,45.31,,train=47.66,mirsfm_full_62523321_0.out
A,mir-SFM,41,44.67,,train=47.64,mirsfm_full_62523321_0.out
A,mir-SFM,42,44.92,,train=47.45,mirsfm_full_62523321_0.out
A,mir-SFM,43,44.61,,train=47.90,mirsfm_full_62523321_0.out
A,mir-SFM,44,44.48,,train=47.26,mirsfm_full_62523321_0.out
A,mir-SFM,45,44.12,,train=47.19,mirsfm_full_62523321_0.out
A,mir-SFM,46,44.70,,train=46.54,mirsfm_full_62523321_0.out
A,mir-SFM,47,44.39,,train=47.06,mirsfm_full_62523321_0.out
A,mir-SFM,48,45.27,,train=47.04,mirsfm_full_62523321_0.out
A,mir-SFM,49,44.74,,train=47.70,mirsfm_full_62523321_0.out
A,mir-SFM,50,44.91,,train=47.63,mirsfm_full_62523321_0.out
A,mir-SFM,51,44.42,,train=47.81,mirsfm_full_62523321_0.out
A,mir-SFM,52,44.91,,train=47.82,mirsfm_full_62523321_0.out
A,mir-SFM,53,44.30,,train=47.96,mirsfm_full_62523321_0.out
A,mir-SFM,54,44.99,,train=47.85,mirsfm_full_62523321_0.out
A,mir-SFM,55,44.72,,train=48.19,mirsfm_full_62523321_0.out
A,mir-SFM,56,45.21,,train=47.98,mirsfm_full_62523321_0.out
A,mir-SFM,57,45.20,,train=48.03,mirsfm_full_62523321_0.out
A,mir-SFM,58,45.48,,train=47.78,mirsfm_full_62523321_0.out
A,mir-SFM,59,44.95,,train=48.24,mirsfm_full_62523321_0.out
A,mir-SFM,60,44.95,,train=47.79,mirsfm_full_62523321_0.out
A,mir-SFM,61,44.53,,train=48.18,mirsfm_full_62523321_0.out
A,mir-SFM,62,44.86,,train=48.02,mirsfm_full_62523321_0.out
A,mir-SFM,63,44.06,,train=47.73,mirsfm_full_62523321_0.out
A,mir-SFM,64,44.26,,train=47.19,mirsfm_full_62523321_0.out
A,mir-SFM,65,43.94,,train=47.07,mirsfm_full_62523321_0.out
A,mir-SFM,66,43.38,,train=46.43,mirsfm_full_62523321_0.out
A,mir-SFM,67,43.85,,train=46.15,mirsfm_full_62523321_0.out
A,mir-SFM,68,45.07,,train=47.15,mirsfm_full_62523321_0.out
A,mir-SFM,69,44.68,,train=47.67,mirsfm_full_62523321_0.out
A,mir-SFM,70,44.79,,train=47.59,mirsfm_full_62523321_0.out
A,mir-SFM,71,44.61,,train=47.65,mirsfm_full_62523321_0.out
A,mir-SFM,72,44.98,,train=47.73,mirsfm_full_62523321_0.out
A,mir-SFM,73,44.98,,train=47.89,mirsfm_full_62523321_0.out
A,mir-SFM,74,44.07,,train=47.83,mirsfm_full_62523321_0.out
A,mir-SFM,75,44.35,,train=47.54,mirsfm_full_62523321_0.out
A,mir-SFM,76,44.78,,train=47.64,mirsfm_full_62523321_0.out
A,mir-SFM,77,45.30,,train=48.00,mirsfm_full_62523321_0.out
A,mir-SFM,78,44.60,,train=47.87,mirsfm_full_62523321_0.out
A,mir-SFM,79,44.41,,train=48.07,mirsfm_full_62523321_0.out
A,mir-SFM,80,44.70,,train=47.42,mirsfm_full_62523321_0.out
A,mir-SFM,81,44.86,,train=47.93,mirsfm_full_62523321_0.out
A,mir-SFM,82,44.05,,train=47.96,mirsfm_full_62523321_0.out
A,mir-SFM,83,44.37,,train=47.81,mirsfm_full_62523321_0.out
A,mir-SFM,84,44.81,,train=47.80,mirsfm_full_62523321_0.out
A,mir-SFM,85,44.39,,train=48.12,mirsfm_full_62523321_0.out
A,mir-SFM,86,44.80,,train=47.99,mirsfm_full_62523321_0.out
A,mir-SFM,87,44.82,,train=47.41,mirsfm_full_62523321_0.out
A,mir-SFM,88,44.82,,train=47.87,mirsfm_full_62523321_0.out
A,mir-SFM,89,44.73,,train=47.79,mirsfm_full_62523321_0.out
A,mir-SFM,90,44.93,,train=47.93,mirsfm_full_62523321_0.out
A,mir-SFM,91,44.86,,train=48.05,mirsfm_full_62523321_0.out
A,mir-SFM,92,44.98,,train=47.96,mirsfm_full_62523321_0.out
A,mir-SFM,93,44.73,,train=48.05,mirsfm_full_62523321_0.out
A,mir-SFM,94,44.61,,train=47.83,mirsfm_full_62523321_0.out
A,mir-SFM,95,44.88,,train=48.17,mirsfm_full_62523321_0.out
A,mir-SFM,96,45.24,,train=48.15,mirsfm_full_62523321_0.out
A,mir-SFM,97,45.23,,train=47.93,mirsfm_full_62523321_0.out
A,mir-SFM,98,45.33,,train=48.00,mirsfm_full_62523321_0.out
A,mir-SFM,99,44.99,,train=47.73,mirsfm_full_62523321_0.out
A,dtSFM,0,24.19,,train=7.08,dtsfm2_full_63170839_0.out
A,dtSFM,1,28.64,,train=12.65,dtsfm2_full_63170839_0.out
A,dtSFM,2,30.29,,train=14.43,dtsfm2_full_63170839_0.out
A,dtSFM,3,31.82,,train=15.58,dtsfm2_full_63170839_0.out
A,dtSFM,4,31.21,,train=16.25,dtsfm2_full_63170839_0.out
A,dtSFM,5,31.21,,train=16.94,dtsfm2_full_63170839_0.out
A,dtSFM,6,29.71,,train=17.19,dtsfm2_full_63170839_0.out
A,dtSFM,7,30.01,,train=17.62,dtsfm2_full_63170839_0.out
A,dtSFM,8,30.05,,train=17.83,dtsfm2_full_63170839_0.out
A,dtSFM,9,31.01,,train=17.96,dtsfm2_full_63170839_0.out
A,dtSFM,10,31.37,,train=18.22,dtsfm2_full_63170839_0.out
A,dtSFM,11,31.27,,train=18.39,dtsfm2_full_63170839_0.out
A,dtSFM,12,29.34,,train=18.49,dtsfm2_full_63170839_0.out
A,dtSFM,13,29.94,,train=18.74,dtsfm2_full_63170839_0.out
A,dtSFM,14,29.58,,train=18.74,dtsfm2_full_63170839_0.out
A,dtSFM,15,28.71,,train=18.80,dtsfm2_full_63170839_0.out
A,dtSFM,16,28.81,,train=19.03,dtsfm2_full_63170839_0.out
A,dtSFM,17,29.77,,train=19.00,dtsfm2_full_63170839_0.out
A,dtSFM,18,28.80,,train=19.18,dtsfm2_full_63170839_0.out
A,dtSFM,19,27.78,,train=19.38,dtsfm2_full_63170839_0.out
A,dtSFM,20,28.81,,train=19.29,dtsfm2_full_63170839_0.out
A,dtSFM,21,28.72,,train=19.28,dtsfm2_full_63170839_0.out
A,dtSFM,22,27.99,,train=19.41,dtsfm2_full_63170839_0.out
A,dtSFM,23,28.49,,train=19.41,dtsfm2_full_63170839_0.out
A,dtSFM,24,27.70,,train=19.48,dtsfm2_full_63170839_0.out
A,dtSFM,25,26.98,,train=19.45,dtsfm2_full_63170839_0.out
A,dtSFM,26,27.52,,train=19.52,dtsfm2_full_63170839_0.out
A,dtSFM,27,27.35,,train=19.46,dtsfm2_full_63170839_0.out
A,dtSFM,28,26.35,,train=19.53,dtsfm2_full_63170839_0.out
A,dtSFM,29,26.03,,train=19.48,dtsfm2_full_63170839_0.out
A,dtSFM,30,25.56,,train=19.58,dtsfm2_full_63170839_0.out
A,dtSFM,31,26.24,,train=19.61,dtsfm2_full_63170839_0.out
A,dtSFM,32,26.38,,train=19.68,dtsfm2_full_63170839_0.out
A,dtSFM,33,25.01,,train=19.57,dtsfm2_full_63170839_0.out
A,dtSFM,34,25.18,,train=19.62,dtsfm2_full_63170839_0.out
A,dtSFM,35,25.47,,train=19.66,dtsfm2_full_63170839_0.out
A,dtSFM,36,24.78,,train=19.63,dtsfm2_full_63170839_0.out
A,dtSFM,37,24.38,,train=19.54,dtsfm2_full_63170839_0.out
A,dtSFM,38,26.14,,train=19.65,dtsfm2_full_63170839_0.out
A,dtSFM,39,25.39,,train=19.58,dtsfm2_full_63170839_0.out
A,dtSFM,40,23.97,,train=19.73,dtsfm2_full_63170839_0.out
A,dtSFM,41,24.93,,train=19.63,dtsfm2_full_63170839_0.out
A,dtSFM,42,24.52,,train=19.77,dtsfm2_full_63170839_0.out
A,dtSFM,43,25.34,,train=19.65,dtsfm2_full_63170839_0.out
A,dtSFM,44,24.76,,train=19.71,dtsfm2_full_63170839_0.out
A,dtSFM,45,24.20,,train=19.74,dtsfm2_full_63170839_0.out
A,dtSFM,46,24.85,,train=19.67,dtsfm2_full_63170839_0.out
A,dtSFM,47,24.09,,train=19.67,dtsfm2_full_63170839_0.out
A,dtSFM,48,23.85,,train=19.66,dtsfm2_full_63170839_0.out
A,dtSFM,49,24.23,,train=19.71,dtsfm2_full_63170839_0.out
A,dtSFM,50,23.30,,train=19.53,dtsfm2_full_63170839_0.out
A,dtSFM,51,23.67,,train=19.56,dtsfm2_full_63170839_0.out
A,dtSFM,52,24.18,,train=19.68,dtsfm2_full_63170839_0.out
A,dtSFM,53,24.10,,train=19.73,dtsfm2_full_63170839_0.out
A,dtSFM,54,23.06,,train=19.82,dtsfm2_full_63170839_0.out
A,dtSFM,55,23.21,,train=19.75,dtsfm2_full_63170839_0.out
A,dtSFM,56,23.73,,train=19.53,dtsfm2_full_63170839_0.out
A,dtSFM,57,24.21,,train=19.65,dtsfm2_full_63170839_0.out
A,dtSFM,58,23.64,,train=19.63,dtsfm2_full_63170839_0.out
A,dtSFM,59,23.35,,train=19.61,dtsfm2_full_63170839_0.out
A,dtSFM,60,23.66,,train=19.64,dtsfm2_full_63170839_0.out
A,dtSFM,61,24.07,,train=19.65,dtsfm2_full_63170839_0.out
A,dtSFM,62,23.91,,train=19.73,dtsfm2_full_63170839_0.out
A,dtSFM,63,22.88,,train=19.62,dtsfm2_full_63170839_0.out
A,dtSFM,64,23.26,,train=19.64,dtsfm2_full_63170839_0.out
A,dtSFM,65,23.81,,train=19.66,dtsfm2_full_63170839_0.out
A,dtSFM,66,23.33,,train=19.60,dtsfm2_full_63170839_0.out
A,dtSFM,67,23.17,,train=19.59,dtsfm2_full_63170839_0.out
A,dtSFM,68,23.99,,train=19.74,dtsfm2_full_63170839_0.out
A,dtSFM,69,23.37,,train=19.56,dtsfm2_full_63170839_0.out
A,dtSFM,70,22.32,,train=19.47,dtsfm2_full_63170839_0.out
A,dtSFM,71,23.35,,train=19.57,dtsfm2_full_63170839_0.out
A,dtSFM,72,23.76,,train=19.50,dtsfm2_full_63170839_0.out
A,dtSFM,73,23.23,,train=19.66,dtsfm2_full_63170839_0.out
A,dtSFM,74,22.95,,train=19.47,dtsfm2_full_63170839_0.out
A,dtSFM,75,22.25,,train=19.56,dtsfm2_full_63170839_0.out
A,dtSFM,76,22.49,,train=19.62,dtsfm2_full_63170839_0.out
A,dtSFM,77,22.67,,train=19.65,dtsfm2_full_63170839_0.out
A,dtSFM,78,23.86,,train=19.58,dtsfm2_full_63170839_0.out
A,dtSFM,79,21.91,,train=19.62,dtsfm2_full_63170839_0.out
A,dtSFM,80,22.86,,train=19.61,dtsfm2_full_63170839_0.out
A,dtSFM,81,22.84,,train=19.61,dtsfm2_full_63170839_0.out
A,dtSFM,82,22.88,,train=19.52,dtsfm2_full_63170839_0.out
A,dtSFM,83,23.32,,train=19.75,dtsfm2_full_63170839_0.out
A,dtSFM,84,22.75,,train=19.47,dtsfm2_full_63170839_0.out
A,dtSFM,85,22.81,,train=19.45,dtsfm2_full_63170839_0.out
A,dtSFM,86,22.60,,train=19.52,dtsfm2_full_63170839_0.out
A,dtSFM,87,22.32,,train=19.71,dtsfm2_full_63170839_0.out
A,dtSFM,88,23.15,,train=19.65,dtsfm2_full_63170839_0.out
A,dtSFM,89,23.18,,train=19.44,dtsfm2_full_63170839_0.out
A,dtSFM,90,22.73,,train=19.48,dtsfm2_full_63170839_0.out
A,dtSFM,91,22.59,,train=19.56,dtsfm2_full_63170839_0.out
A,dtSFM,92,22.02,,train=19.48,dtsfm2_full_63170839_0.out
A,dtSFM,93,22.56,,train=19.60,dtsfm2_full_63170839_0.out
A,dtSFM,94,22.64,,train=19.57,dtsfm2_full_63170839_0.out
A,dtSFM,95,22.88,,train=19.52,dtsfm2_full_63170839_0.out
A,dtSFM,96,22.82,,train=19.52,dtsfm2_full_63170839_0.out
A,dtSFM,97,22.71,,train=19.55,dtsfm2_full_63170839_0.out
A,dtSFM,98,22.73,,train=19.49,dtsfm2_full_63170839_0.out
A,dtSFM,99,22.03,,train=19.48,dtsfm2_full_63170839_0.out
B,tSFM,best_epoch_gap,19.81,,best_ep=52 train=56.08 val=75.89,tsfm_full_64763913_0.out
B,eSFM,best_epoch_gap,-1.66,,best_ep=15 train=97.84 val=96.18,esfm_full_62858369_0.out
B,mhcSFM,best_epoch_gap,3.71,,best_ep=18 train=14.24 val=17.95,mhcsfm_full_62515934_0.out
B,crisprSFM,best_epoch_gap,-34.29,,best_ep=16 train=79.78 val=45.49,crispr_hn_train_62512408.out
B,mir-SFM,best_epoch_gap,2.61,,best_ep=8 train=42.90 val=45.51,mirsfm_full_62523321_0.out
B,dtSFM,best_epoch_gap,16.24,,best_ep=3 train=15.58 val=31.82,dtsfm2_full_63170839_0.out
C,tSFM,ID,83.1,3.0,LV=PASS,audit bundle
C,tSFM,80%,54.7,5.1,LV=PASS,audit bundle
C,tSFM,60%,53.7,4.9,LV=PASS,audit bundle
C,tSFM,40%,48.4,4.3,LV=PASS,audit bundle
C,eSFM,ID,86.3,1.5,LV=PASS,audit bundle
C,eSFM,80%,85.0,1.5,LV=PASS,audit bundle
C,eSFM,60%,81.0,1.9,LV=FAIL,audit bundle
C,eSFM,40%,66.4,3.3,LV=FAIL,audit bundle
C,crisprSFM,ID,95.4,6.5,LV=PASS,audit bundle
C,crisprSFM,80%,86.9,6.3,LV=PASS,audit bundle
C,crisprSFM,60%,89.0,5.5,LV=FAIL,audit bundle
C,crisprSFM,40%,89.6,7.8,LV=FAIL,audit bundle
C,dtSFM,ID,27.7,3.7,LV=PASS,audit bundle
C,dtSFM,80%,46.0,,LV=PASS,audit bundle
C,dtSFM,60%,41.8,6.8,LV=PASS,audit bundle
C,dtSFM,40%,41.3,21.1,LV=PASS,audit bundle
